Project,CDD,BL FD,New FinishDate,ClientName,Des.Qty,Des.Val (Lakhs),Pr.%WC,Task%WC,Pr.Qty,Pr.Val (Lakhs),Project Budget (Hrs),CompletionStatus,PM
4106,01-09-2018 08:00,0,27-09-2018 17:00,Thermax,1,₹ 5.00,11,0,1,₹ 5.00,0,8-Project Completed,Viswanathan
4161,03-01-2018 08:00,09-10-2017 12:00,06-03-2018 12:30,BPCL,3,₹ 39.16,100,100,3,₹ 41.20,2622,8-Project Completed,Anand
4166,31-03-2018 08:00,0,13-04-2017 16:30,Programme AD,30,₹ 267.00,100,100,50,₹ 445.00,11925,8-Project Completed,Varun
4166,31-03-2018 08:00,0,12-12-2017 09:58,Programme AD,20,₹ 178.00,100,100,50,₹ 445.00,11925,8-Project Completed,Varun
4167,07-10-2017 08:00,17-10-2017 17:00,22-12-2017 17:00,BORL,1,₹ 67.21,100,100,1,₹ 67.20,2772,8-Project Completed,Anand
4169,20-12-2017 08:00,29-09-2017 14:42,29-09-2017 14:43,Essar,1,₹ 15.29,100,100,2,₹ 214.00,8777,8-Project Completed,Varun
4169,20-12-2017 08:00,27-10-2017 13:09,16-03-2018 14:00,Essar,1,₹ 198.71,100,100,2,₹ 214.00,8777,8-Project Completed,Varun
4170,01-01-2018 06:00,30-01-2018 20:30,30-01-2018 20:30,IOCL-EIL,2,₹ 124.06,100,100,21,₹ 910.60,90569,8-Project Completed,Elamaran
4170,01-01-2018 06:00,16-02-2018 20:30,16-02-2018 20:30,IOCL-EIL,2,₹ 95.64,100,100,21,₹ 910.60,90569,8-Project Completed,Elamaran
4170,01-01-2018 06:00,16-02-2018 21:30,16-02-2018 21:30,IOCL-EIL,2,₹ 39.52,100,100,21,₹ 910.60,90569,8-Project Completed,Elamaran
4170,01-01-2018 06:00,23-02-2018 21:30,23-02-2018 21:30,IOCL-EIL,1,₹ 44.01,100,100,21,₹ 910.60,90569,8-Project Completed,Elamaran
4170,01-01-2018 06:00,28-02-2018 21:30,28-02-2018 21:30,IOCL-EIL,2,₹ 95.64,100,100,21,₹ 910.60,90569,8-Project Completed,Elamaran
4170,01-01-2018 06:00,06-03-2018 21:30,06-03-2018 21:30,IOCL-EIL,4,₹ 143.42,100,100,21,₹ 910.60,90569,8-Project Completed,Elamaran
4170,01-01-2018 06:00,13-03-2018 20:30,13-03-2018 20:30,IOCL-EIL,1,₹ 32.63,100,100,21,₹ 910.60,90569,8-Project Completed,Elamaran
4170,01-01-2018 06:00,14-03-2018 20:30,14-03-2018 20:30,IOCL-EIL,1,₹ 32.72,100,100,21,₹ 910.60,90569,8-Project Completed,Elamaran
4170,01-01-2018 06:00,16-03-2018 21:30,16-03-2018 21:30,IOCL-EIL,2,₹ 63.55,100,100,21,₹ 910.60,90569,8-Project Completed,Elamaran
4170,01-01-2018 06:00,24-03-2018 20:30,24-03-2018 20:30,IOCL-EIL,1,₹ 13.40,100,100,21,₹ 910.60,90569,8-Project Completed,Elamaran
4170,01-01-2018 06:00,24-03-2018 21:30,24-03-2018 21:30,IOCL-EIL,1,₹ 13.40,100,100,21,₹ 910.60,90569,8-Project Completed,Elamaran
4170,01-01-2018 06:00,26-03-2018 21:30,26-03-2018 21:30,IOCL-EIL,1,₹ 80.05,100,100,21,₹ 910.60,90569,8-Project Completed,Elamaran
4170,01-01-2018 06:00,28-03-2018 20:30,28-03-2018 20:30,IOCL-EIL,1,₹ 118.32,100,100,21,₹ 910.60,90569,8-Project Completed,Elamaran
4174,14-12-2017 08:00,30-12-2017 17:10,05-02-2018 17:00,IOCL,1,₹ 57.79,100,100,1,₹ 59.40,4688,8-Project Completed,Elamaran
4180,29-12-2017 08:00,22-01-2018 21:30,22-01-2018 21:30,NIOT,1,₹ 43.08,100,100,2,₹ 86.20,1696,8-Project Completed,Varun
4180,29-12-2017 08:00,23-01-2018 12:30,23-01-2018 12:30,NIOT,1,₹ 43.08,100,100,2,₹ 86.20,1696,8-Project Completed,Varun
4182,10-01-2018 08:00,05-09-2017 12:21,05-02-2018 17:00,UPL,6,₹ 144.00,100,100,6,₹ 144.00,4812,8-Project Completed,Ethiraj
4183,04-01-2018 08:00,27-02-2018 20:22,31-03-2018 10:00,IOCL,1,₹ 113.14,100,100,1,₹ 115.40,11102,8-Project Completed,Ethiraj
4197,06-01-2018 08:00,05-01-2018 09:50,03-02-2018 08:35,ASL,8,₹ 92.10,100,100,8,₹ 92.10,13200,8-Project Completed,Anand
4211,17-07-2018 08:00,30-04-2018 07:49,30-04-2018 14:47,Advanced System Laboratory,25,₹ 142.50,100,100,25,₹ 142.50,4450,8-Project Completed,Varun
4213,27-02-2018 08:00,30-01-2018 16:00,03-03-2018 09:00,SRF,1,₹ 28.75,100,100,1,₹ 28.80,1220,8-Project Completed,Elamaran
4215,30-11-2017 08:00,19-01-2018 15:30,17-02-2018 18:00,SRF,1,₹ 10.50,100,100,1,₹ 10.50,336,8-Project Completed,Varun
4216,31-07-2018 08:30,16-06-2018 17:30,15-02-2019 17:30,BEML,5,₹ 0.80,20,0,75,₹ 12.00,1800,9-On Hold,Varun
4218,11-08-2018 08:00,20-07-2018 21:54,30-08-2018 14:00,CPCL,1,₹ 79.07,100,100,1,₹ 80.30,7383,8-Project Completed,Varun
4227,10-08-2018 08:30,17-03-2018 14:30,17-03-2018 14:30,BDL,20,₹ 3.20,100,100,100,₹ 16.00,3000,8-Project Completed,Varun
4227,10-08-2018 08:30,19-05-2018 11:30,11-05-2018 09:30,BDL,20,₹ 3.20,100,100,100,₹ 16.00,3000,8-Project Completed,Varun
4227,10-08-2018 08:30,19-05-2018 11:30,06-06-2018 12:30,BDL,20,₹ 3.20,100,100,100,₹ 16.00,3000,8-Project Completed,Varun
4227,10-08-2018 08:30,0,20-07-2018 12:30,BDL,20,₹ 3.20,100,100,100,₹ 16.00,3000,8-Project Completed,Varun
4230,30-06-2018 08:00,31-03-2018 18:30,31-03-2018 18:30,ASL,7,₹ 36.40,100,100,10,₹ 52.00,1600,8-Project Completed,Varun
4230,30-06-2018 08:00,26-04-2018 18:00,30-04-2018 20:21,ASL,3,₹ 15.60,100,100,10,₹ 52.00,1600,8-Project Completed,Varun
4232,07-07-2018 08:00,16-06-2018 10:30,05-07-2018 17:00,IOCL-TECHNIP,1,₹ 52.48,100,100,1,₹ 52.50,4245,8-Project Completed,Elamaran
4233,22-01-2018 08:00,30-12-2017 17:30,23-01-2018 17:30,KMML,22,₹ 0.81,100,100,22,₹ 1.00,12,8-Project Completed,Varun
4239,03-02-2018 08:30,16-03-2018 12:30,17-03-2018 12:30,IGCAR,1,₹ 9.47,100,100,1,₹ 9.50,260,8-Project Completed,0
4240,20-07-2018 08:30,22-05-2018 19:30,26-03-2019 19:30,RCI,2,₹ 19.40,18,0,2,₹ 19.40,840,9-On Hold,Varun
4241,21-08-2018 08:00,10-08-2018 09:30,11-01-2019 21:30,IOCL-EIL,1,₹ 5.00,63,0,1,₹ 5.00,2059,B-Production in Progress,Elamaran
4242,10-03-2018 08:00,13-03-2018 17:00,13-03-2018 17:00,KMML,1,₹ 2.52,100,100,1,₹ 2.50,50,8-Project Completed,PMO
4243,10-03-2018 08:00,05-03-2018 17:30,05-03-2018 17:30,Apid Engineer,1,₹ 0.30,100,100,1,₹ 0.30,6,8-Project Completed,PMO
4245,31-03-2018 08:30,17-03-2018 09:30,27-08-2018 17:30,Grasim,1,₹ 1.73,100,100,1,₹ 1.70,280,8-Project Completed,Viswanathan
4246,15-11-2018 08:00,13-11-2018 16:41,31-12-2018 17:00,SRF,1,₹ 96.00,99,0,1,₹ 96.00,2955,6-QC Completed,Ethiraj
4247,30-06-2018 08:00,0,29-12-2018 19:29,SSIS,2,₹ 20.93,99,0,2,₹ 20.90,2043,5-Production Completed,Varun
4248,18-06-2018 08:30,19-04-2018 16:30,27-06-2018 15:30,KMML,3,₹ 1.32,100,100,3,₹ 1.30,70,8-Project Completed,Ethiraj
4249,05-07-2018 08:30,02-07-2018 14:30,24-07-2018 11:00,SVCI,2,₹ 21.76,100,100,6,₹ 66.50,9780,8-Project Completed,Ethiraj
4249,05-07-2018 08:30,22-06-2018 20:30,24-07-2018 13:00,SVCI,2,₹ 21.76,100,100,6,₹ 66.50,9780,8-Project Completed,Ethiraj
4249,05-07-2018 08:30,27-06-2018 12:30,27-07-2018 12:30,SVCI,2,₹ 22.26,100,100,6,₹ 66.50,9780,8-Project Completed,Ethiraj
4250,31-03-2018 08:30,04-05-2018 08:31,21-08-2018 17:30,Grasim,3,₹ 3.06,100,100,3,₹ 3.10,312,8-Project Completed,Viswanathan
4251,05-08-2018 08:30,0,28-11-2018 16:30,NPOL,1,₹ 37.34,100,100,1,₹ 37.30,1330,8-Project Completed,Varun
4252,31-12-2018 08:30,0,02-01-2019 19:30,NPOL,1,₹ 76.00,83,0,1,₹ 76.00,3130,B-Production in Progress,Varun
4253,14-06-2018 08:30,13-06-2018 09:30,26-06-2018 09:30,KMML,4,₹ 3.99,100,100,4,₹ 4.00,400,8-Project Completed,Elamaran
4254,21-10-2018 08:30,01-10-2018 14:30,23-10-2018 18:30,IOCL,1,₹ 31.70,100,100,1,₹ 33.00,2957,8-Project Completed,Varun
4257,10-09-2018 08:00,21-08-2018 09:30,10-11-2018 17:00,Keltron,1,₹ 43.00,100,100,1,₹ 43.00,2370,8-Project Completed,Elamaran
4258,13-10-2018 08:00,03-10-2018 21:00,29-09-2018 19:30,RRCAT,5,₹ 13.50,100,100,5,₹ 13.50,530,8-Project Completed,Elamaran
4259,04-10-2018 08:00,17-09-2018 12:30,29-09-2018 16:00,Orient Paper Mills,1,₹ 20.30,100,100,1,₹ 20.30,2720,8-Project Completed,Ethiraj
4260,04-10-2018 08:00,04-10-2018 16:30,03-01-2019 08:00,CCM CHEMICALS SDN BHD,2,₹ 43.47,99,0,2,₹ 43.50,4780,6-QC Completed,Ethiraj
4261,15-05-2018 08:00,05-03-2018 17:30,04-05-2018 15:30,DCW Limited,1,₹ 9.00,41,0,1,₹ 9.00,400,8-Project Completed,Viswanathan
4262,15-09-2018 08:00,05-03-2018 17:30,01-09-2018 17:00,"Tata Chemicals Ltd, Mithapur",4,₹ 0.79,100,100,4,₹ 0.80,100,8-Project Completed,Ethiraj
4263,17-10-2018 08:00,15-10-2018 07:30,27-09-2018 08:00,Kutch Chemical Industries Limited,6,₹ 92.40,95,100,12,₹ 189.80,4320,7-Despatched,Ethiraj
4263,17-10-2018 08:00,0,26-10-2018 16:00,Kutch Chemical Industries Limited,6,₹ 97.40,95,100,12,₹ 189.80,4320,7-Despatched,Ethiraj
4264,15-07-2018 08:00,31-05-2018 17:30,31-05-2018 17:30,"CAL, TEAM's Group company",20,₹ 18.30,100,100,20,₹ 18.30,680,8-Project Completed,Viswanathan
4265,14-10-2018 08:00,0,29-09-2018 20:30,The Kerala Minerals & Metals Ltd,1,₹ 5.30,100,100,1,₹ 5.30,925,8-Project Completed,Elamaran
4268,24-12-2018 08:30,20-12-2018 12:30,15-01-2019 09:30,Technip Mumbai,1,₹ 253.11,81,0,1,₹ 253.10,17360,B-Production in Progress,Ethiraj
4269,25-12-2018 08:30,03-11-2018 17:30,31-12-2018 14:30,SPX FLOW,2,₹ 69.00,96,0,2,₹ 69.00,1560,B-Production in Progress,Ethiraj
4270,03-07-2018 08:30,0,02-05-2018 17:30,"VXL Life sceinces, Mumbai",1,₹ 0.80,0,0,2,₹ 1.60,300,8-Project Completed,Viswanathan
4270,03-07-2018 08:30,0,11-06-2018 17:30,"VXL Life sceinces, Mumbai",1,₹ 0.90,0,0,2,₹ 1.60,300,8-Project Completed,Viswanathan
4271,10-07-2018 08:00,05-07-2018 17:30,28-09-2018 08:00,KMML,1,₹ 0.34,100,100,1,₹ 0.30,4,8-Project Completed,Elamaran
4273,27-09-2018 08:00,23-08-2018 09:30,25-09-2018 09:30,"KMML, Kochi",60,₹ 0.86,100,100,60,₹ 0.90,100,8-Project Completed,Varun
4274,30-03-2019 08:00,0,27-07-2018 17:30,NIOT,4,₹ 0.46,100,100,10,₹ 1.20,100,5-Production Completed,Varun
4274,30-03-2019 08:00,0,24-08-2018 17:30,NIOT,1,₹ 0.12,100,100,10,₹ 1.20,100,5-Production Completed,Varun
4276,30-06-2018 08:00,0,25-06-2018 12:00,Praxair,1,₹ 0.89,20,0,1,₹ 0.90,0,8-Project Completed,Viswanathan
4279,30-10-2018 08:00,0,29-10-2018 17:00,CCAL,1,₹ 0.65,100,100,1,₹ 0.70,100,8-Project Completed,Hariprasath
4280,12-12-2018 08:00,03-10-2018 09:30,29-09-2018 13:30,"NSTL, Vizag",6,₹ 30.00,100,100,6,₹ 30.00,1650,8-Project Completed,Elamaran
4282,30-10-2018 08:00,0,29-10-2018 17:00,CCAL,1,₹ 0.32,100,100,1,₹ 0.30,3,8-Project Completed,Hariprasath
4283,15-07-2018 08:00,31-05-2018 17:30,30-07-2018 14:30,"CAL, TEAM's Group company",22,₹ 23.68,100,100,153,₹ 163.90,680,8-Project Completed,Viswanathan
4283,15-07-2018 08:00,0,18-08-2018 14:30,"CAL, TEAM's Group company",28,₹ 30.14,100,0,153,₹ 163.90,680,8-Project Completed,Viswanathan
4283,15-07-2018 08:00,0,29-08-2018 14:30,"CAL, TEAM's Group company",28,₹ 30.14,100,0,153,₹ 163.90,680,8-Project Completed,Viswanathan
4283,15-07-2018 08:00,0,26-09-2018 14:30,"CAL, TEAM's Group company",28,₹ 30.14,100,0,153,₹ 163.90,680,8-Project Completed,Viswanathan
4283,15-07-2018 08:00,0,23-10-2018 14:30,"CAL, TEAM's Group company",47,₹ 49.77,100,0,153,₹ 163.90,680,8-Project Completed,Viswanathan
4284,25-03-2019 08:00,15-03-2019 13:30,27-02-2019 08:30,Larsen & Toubro,2,₹ 49.60,11,0,2,₹ 49.60,1640,4-Purchase Completed,Hariprasath
4285,30-10-2018 08:00,0,29-10-2018 17:00,Tata Chemicals Limited,1,₹ 0.30,100,100,1,₹ 0.30,0,8-Project Completed,Hariprasath
4286,15-02-2019 08:30,08-02-2019 17:00,08-02-2019 17:00,"TVG SRAAC, Kurnool",10,₹ 98.50,60,0,10,₹ 98.50,16300,B-Production in Progress,Hariprasath
4287,30-12-2018 08:00,0,26-10-2018 17:00,"VEM Technologies, Hyd",24,₹ 5.23,100,100,24,₹ 5.20,0,7-Despatched,Hariprasath
4288,21-11-2018 08:00,0,23-10-2018 17:00,Lords Chloro Alkalies,2,₹ 0.55,100,100,1,₹ 0.60,14,8-Project Completed,Hariprasath
4290,06-10-2018 08:00,0,17-09-2018 17:30,NIOT,10,₹ 0.10,100,100,10,₹ 0.10,100,8-Project Completed,Hariprasath
4294,18-10-2018 08:00,0,18-10-2018 17:00,Kavinaya (Praxair),1,₹ 0.89,0,0,1,₹ 0.90,0,8-Project Completed,Hariprasath
4295,18-01-2019 08:30,0,15-01-2019 17:30,KMML,2,₹ 10.68,82,0,2,₹ 10.70,860,B-Production in Progress,Hariprasath
4296,16-08-2019 08:30,08-01-2019 10:30,10-06-2019 15:30,Technimont,1,₹ 200.78,3,0,20,"₹ 1,390.00",5282,2-Design Completed,Elamaran
4297,16-04-2019 08:30,0,29-03-2019 17:30,CCM,4,₹ 16.66,45,0,4,₹ 16.70,700,2-Design Completed,Vinothkumar
4298,30-12-2018 08:00,0,28-11-2018 17:00,BDL,12,₹ 1.92,100,100,12,₹ 1.90,0,8-Project Completed,Hariprasath
4300,31-03-2019 08:30,28-03-2019 17:30,26-03-2019 17:30,"YUSUF BIN AHMED KANOO W.L.L.,",64,₹ 15.67,22,0,64,₹ 15.70,448,3-PPC Completed,Vinothkumar
4301,03-04-2019 08:30,0,18-03-2019 17:30,MCCPTA,1,₹ 2.53,14,0,1,₹ 2.50,8,3-PPC Completed,Hariprasath
4302,08-05-2019 08:00,0,04-05-2019 09:30,Sirpur Paper Mills,1,₹ 10.07,39,0,1,₹ 10.10,1430,2-Design Completed,Vinothkumar
4303,30-12-2018 08:00,0,15-11-2018 17:00,BDL,1,₹ 0.05,0,0,1,₹ 0.10,0,8-Project Completed,Hariprasath
4305,03-01-2019 08:30,23-01-2019 17:30,25-01-2019 12:30,Modern Engineering & Plastics,30,₹ 0.74,2,0,30,₹ 0.70,280,3-PPC Completed,Hariprasath
4309,23-03-2019 08:00,20-02-2019 09:00,20-02-2019 09:00,KMML,40,₹ 0.51,8,0,40,₹ 0.50,8,3-PPC Completed,Hariprasath
4173-02,07-04-2018 06:00,09-01-2018 06:04,31-03-2018 18:00,IOCL-EIL,2,₹ 111.72,100,100,2,₹ 111.70,9702,8-Project Completed,Ethiraj
4173-108,07-04-2018 06:00,31-03-2018 13:30,31-03-2018 13:30,IOCL-EIL,1,₹ 65.62,100,100,1,₹ 65.60,5579,8-Project Completed,Ethiraj
4173-126,07-04-2018 06:00,30-03-2018 08:40,30-03-2018 08:40,IOCL-EIL,2,₹ 43.75,100,100,2,₹ 43.80,4352,8-Project Completed,Ethiraj
4192-HC 150-1,07-01-2019 08:00,14-05-2018 13:12,05-09-2018 17:00,IGCAR,1,₹ 66.77,100,100,1,₹ 66.80,16880,8-Project Completed,Varun
4192-HC 150-2,07-01-2019 08:00,07-08-2018 21:30,27-12-2018 09:30,IGCAR,1,₹ 66.77,100,100,1,₹ 66.80,16880,8-Project Completed,Varun
4192-HC 150-3,07-01-2019 08:00,07-08-2018 21:30,30-04-2019 12:30,IGCAR,1,₹ 66.77,66,0,1,₹ 66.80,16880,9-On Hold,Varun
4192-HC 150-4,07-01-2019 08:00,07-08-2018 21:30,02-07-2019 12:30,IGCAR,1,₹ 66.77,0,0,1,₹ 66.80,16880,9-On Hold,Varun
4192-HC 150-5,07-01-2019 08:00,07-08-2018 21:30,02-07-2019 12:30,IGCAR,1,₹ 66.77,0,0,1,₹ 66.80,16880,9-On Hold,Varun
4192-HC 150-6,07-01-2019 08:00,07-08-2018 21:30,02-07-2019 12:30,IGCAR,1,₹ 66.77,0,0,1,₹ 66.80,16880,9-On Hold,Varun
4192-VC-100,07-01-2019 08:30,09-10-2018 08:30,30-11-2018 08:30,IGCAR,1,₹ 2.07,100,100,1,₹ 2.10,80,8-Project Completed,Varun
4192-VC-600,07-01-2019 08:30,09-10-2018 08:30,30-11-2018 08:30,IGCAR,1,₹ 2.55,100,100,1,₹ 2.60,200,8-Project Completed,Varun
4201-0004,06-08-2018 08:00,0,29-09-2018 14:00,Dangote,4,₹ 386.56,100,0,4,₹ 386.60,33620,6-QC Completed,Anand
4201-0005,31-08-2018 08:00,0,29-09-2018 15:30,Dangote,4,₹ 301.44,100,0,4,₹ 301.40,26218,6-QC Completed,Anand
4203-AT 630-2,14-02-2019 08:30,27-07-2018 22:00,23-08-2018 22:00,IGCAR,1,₹ 2.91,100,100,1,₹ 2.90,575,8-Project Completed,Varun
"4203-AT 630-4,5,6",14-02-2019 08:30,27-07-2018 22:00,30-11-2018 22:00,IGCAR,1,₹ 2.91,100,100,1,₹ 8.70,1725,8-Project Completed,Varun
4203-AT-400,14-02-2019 08:30,14-11-2018 16:30,26-04-2019 22:00,IGCAR,22,₹ 50.60,0,0,22,₹ 50.60,8074,9-On Hold,Varun
4203-AT-400N,14-02-2019 08:30,14-11-2018 16:30,26-04-2019 22:00,IGCAR,7,₹ 16.31,0,0,7,₹ 16.30,2628,9-On Hold,Varun
4203-AT-500,14-02-2019 08:30,14-11-2018 16:30,26-04-2019 22:00,IGCAR,14,₹ 38.78,0,0,14,₹ 38.80,7393,9-On Hold,Varun
4203-AT-630,14-02-2019 08:30,14-11-2018 16:30,26-04-2019 22:00,IGCAR,20,₹ 58.20,0,0,20,₹ 58.20,11523,9-On Hold,Varun
4203-AT-630-10,14-02-2019 08:30,14-11-2018 16:30,03-01-2019 08:30,IGCAR,1,₹ 2.91,99,0,1,₹ 2.90,575,B-Production in Progress,Varun
4203-AT-630-3,14-02-2019 08:30,14-11-2018 16:30,05-01-2019 08:30,IGCAR,1,₹ 2.91,91,0,1,₹ 2.90,576,B-Production in Progress,Varun
4203-AT-630-7,14-02-2019 08:30,14-11-2018 16:30,31-12-2018 08:30,IGCAR,1,₹ 2.91,99,0,1,₹ 2.90,576,B-Production in Progress,Varun
4203-AT-630-8,14-02-2019 08:30,14-11-2018 16:30,31-12-2018 20:30,IGCAR,1,₹ 2.91,99,0,1,₹ 2.90,576,B-Production in Progress,Varun
4203-AT-630-9,14-02-2019 08:30,14-11-2018 16:30,03-01-2019 08:30,IGCAR,1,₹ 2.91,98,0,1,₹ 2.90,576,B-Production in Progress,Varun
4203-AT-630N,14-02-2019 08:30,14-11-2018 16:30,26-04-2019 22:00,IGCAR,2,₹ 6.02,0,0,2,₹ 6.00,1155,9-On Hold,Varun
4203-AT-720,14-02-2019 08:30,14-11-2018 16:30,26-04-2019 22:00,IGCAR,11,₹ 33.99,0,0,11,₹ 34.00,7070,9-On Hold,Varun
4203-RCAT-125,14-02-2019 08:30,14-11-2018 16:30,26-04-2019 22:00,IGCAR,16,₹ 25.12,0,0,16,₹ 25.10,3057,9-On Hold,Varun
4203-RCAT-500,14-02-2019 08:30,14-11-2018 16:30,26-04-2019 22:00,IGCAR,6,₹ 15.96,0,0,6,₹ 16.00,3528,9-On Hold,Varun
4203-RCAT-90,14-02-2019 08:30,14-11-2018 16:30,26-04-2019 22:00,IGCAR,16,₹ 20.96,0,0,16,₹ 21.00,2165,9-On Hold,Varun
4203-RCVC-50-1,14-02-2019 08:30,30-10-2018 08:30,08-01-2019 20:30,IGCAR,1,₹ 1.04,74,0,1,₹ 1.00,43,B-Production in Progress,Varun
4203-RCVC-50-2,14-02-2019 08:30,30-10-2018 08:30,08-01-2019 16:30,IGCAR,1,₹ 1.04,71,0,1,₹ 1.00,43,B-Production in Progress,Varun
4203-RCVC-50-3,14-02-2019 08:30,30-10-2018 08:30,08-01-2019 14:00,IGCAR,1,₹ 1.04,75,0,1,₹ 1.00,43,B-Production in Progress,Varun
4203-RCVC-50-4,14-02-2019 08:30,30-10-2018 08:30,08-01-2019 14:00,IGCAR,1,₹ 1.04,75,0,1,₹ 1.00,43,B-Production in Progress,Varun
4209-A&F,01-10-2018 06:00,0,05-02-2019 16:57,Dangote,2,₹ 88.35,51,0,2,₹ 88.40,9336,B-Production in Progress,Anand
4209-B&G,01-10-2018 06:00,0,20-11-2018 17:30,Dangote,2,₹ 34.89,100,0,2,₹ 34.90,2086,6-QC Completed,Anand
4209-C&H,01-10-2018 06:00,0,20-03-2019 10:30,Dangote,2,₹ 221.48,46,0,2,₹ 221.50,22160,B-Production in Progress,Anand
4209-D&I,01-10-2018 06:00,0,28-12-2018 11:00,Dangote,2,₹ 25.54,100,0,2,₹ 25.50,1450,6-QC Completed,Anand
4209-E&J,01-10-2018 06:00,0,15-12-2018 17:30,Dangote,2,₹ 10.37,99,0,2,₹ 10.40,570,6-QC Completed,Anand
4209-K&L,01-10-2018 06:00,0,18-12-2018 17:30,Dangote,4,₹ 21.82,100,0,4,₹ 21.80,1176,6-QC Completed,Anand
4209-M,01-10-2018 06:00,0,08-01-2019 12:03,Dangote,2,₹ 29.20,91,0,2,₹ 29.20,1560,B-Production in Progress,Anand
4209-N,01-10-2018 06:00,0,08-01-2019 10:45,Dangote,1,₹ 17.01,91,0,1,₹ 17.00,1080,B-Production in Progress,Anand
4209-O,01-10-2018 06:00,0,14-12-2018 17:30,Dangote,2,₹ 15.99,100,0,2,₹ 16.00,952,6-QC Completed,Anand
4209-P,01-10-2018 06:00,0,08-01-2019 14:02,Dangote,2,₹ 27.34,91,0,2,₹ 27.30,1502,B-Production in Progress,Anand
4209-Q,01-10-2018 06:00,0,15-12-2018 12:30,Dangote,2,₹ 21.04,100,0,2,₹ 21.00,1142,6-QC Completed,Anand
4209-R&S,01-10-2018 06:00,0,17-11-2018 17:30,Dangote,2,₹ 11.79,100,0,2,₹ 11.80,518,6-QC Completed,Anand
4220-A1001,26-05-2019 08:00,0,18-01-2019 17:30,Dangote,2,₹ 302.87,95,0,4,₹ 605.70,57103,B-Production in Progress,Anand
4220-A1001,26-05-2019 08:00,0,11-02-2019 17:30,Dangote,2,₹ 302.87,95,0,4,₹ 605.70,57103,B-Production in Progress,Anand
4220-B1003,26-05-2019 06:00,0,31-12-2019 17:30,Dangote,2,₹ 204.50,0,0,2,₹ 204.50,20354,2-Design Completed,Anand
4220-D1006,26-05-2019 08:00,0,27-01-2020 08:44,Dangote,2,₹ 199.53,3,0,2,₹ 199.50,20080,4-Purchase Completed,Anand
4220-E1007,26-05-2019 08:00,0,28-03-2019 17:30,Dangote,2,₹ 304.81,0,0,2,₹ 304.80,24348,4-Purchase Completed,Anand
4220-F1008,26-05-2019 08:00,0,29-06-2019 17:30,Dangote,1,₹ 16.83,0,0,1,₹ 16.80,2053,4-Purchase Completed,Anand
4220-G1009-1,26-05-2019 08:00,0,17-07-2019 17:30,Dangote,2,₹ 92.59,0,0,2,₹ 92.60,9310,4-Purchase Completed,Anand
4220-H1010,26-05-2019 08:00,0,27-03-2019 17:30,Dangote,1,₹ 14.16,13,0,1,₹ 14.20,13494,4-Purchase Completed,Anand
4220-I1011,02-10-2018 08:00,0,28-05-2019 15:00,Dangote,4,₹ 799.30,0,0,4,₹ 799.30,82197,4-Purchase Completed,Anand
4220-J1012,26-05-2019 06:00,0,12-07-2019 17:00,Dangote,4,₹ 600.48,1,0,4,₹ 600.50,77331,4-Purchase Completed,Anand
4220-K1013,26-05-2019 08:00,0,23-08-2019 11:00,Dangote,2,"₹ 1,057.37",0,0,2,"₹ 1,057.40",65261,4-Purchase Completed,Anand
4220-L1014,26-05-2019 08:00,0,18-07-2019 10:28,Dangote,1,₹ 6.40,6,0,1,₹ 6.40,983,4-Purchase Completed,Anand
4220-N1011,26-05-2019 08:00,0,20-07-2019 08:44,Dangote,1,₹ 38.85,0,0,1,₹ 38.90,7561,4-Purchase Completed,Anand
4220-O1011,26-05-2019 08:00,0,24-09-2019 10:44,Dangote,1,₹ 38.26,0,0,1,₹ 38.30,13116,3-PPC Completed,Anand
4221-2403,01-09-2018 08:00,0,31-10-2019 17:30,Dangote,1,₹ 10.66,3,0,1,₹ 10.70,517,2-Design Completed,Anand
4221-7001,01-09-2018 08:00,0,31-10-2019 17:30,Dangote,1,₹ 31.08,29,0,1,₹ 31.10,872,2-Design Completed,Anand
4221-9101,01-09-2018 08:00,06-10-2018 09:58,05-11-2019 17:58,Dangote,1,₹ 48.85,1,0,1,₹ 48.90,425,2-Design Completed,Anand
4224-103,11-06-2018 08:00,31-05-2018 20:30,08-06-2018 20:30,IOCL-EIL,1,₹ 33.03,100,100,1,₹ 35.50,3066,8-Project Completed,Elamaran
4224-309,11-06-2018 08:00,06-06-2018 17:40,08-06-2018 20:40,IOCL-EIL,1,₹ 16.98,100,100,1,₹ 17.00,739,8-Project Completed,Elamaran
4228-010,31-07-2018 08:00,30-06-2018 13:01,09-11-2017 17:00,IOCL-EIL,1,₹ 39.79,97,100,2,₹ 79.60,5040,8-Project Completed,Ethiraj
4228-010,31-07-2018 08:00,20-07-2018 07:40,09-11-2018 15:30,IOCL-EIL,1,₹ 39.79,97,100,2,₹ 79.60,5040,8-Project Completed,Ethiraj
4228-014,31-07-2018 08:00,30-06-2018 13:01,05-11-2018 17:00,IOCL-EIL,1,₹ 11.57,100,100,2,₹ 23.10,1736,8-Project Completed,Ethiraj
4228-014,31-07-2018 08:00,02-07-2018 09:51,05-11-2018 18:30,IOCL-EIL,1,₹ 11.57,100,100,2,₹ 23.10,1736,8-Project Completed,Ethiraj
4228-102,31-07-2018 08:00,17-07-2018 09:00,10-11-2018 17:00,IOCL-EIL,1,₹ 7.24,100,100,1,₹ 7.20,814,8-Project Completed,Ethiraj
4237-A,08-09-2018 08:00,08-11-2018 18:30,30-01-2019 10:50,IOCL-EIL,1,₹ 102.51,85,0,1,₹ 102.50,5670,B-Production in Progress,Ethiraj
4237-B,08-09-2018 08:00,09-08-2018 19:02,21-01-2019 12:00,IOCL-EIL,1,₹ 63.87,88,0,1,₹ 63.90,3100,B-Production in Progress,Ethiraj
4237-C,08-09-2018 08:00,05-12-2018 07:04,21-01-2019 21:24,IOCL-EIL,1,₹ 85.17,88,0,1,₹ 85.20,5070,B-Production in Progress,Ethiraj
4237-D,08-09-2018 08:00,08-08-2018 18:30,14-01-2019 18:30,IOCL-EIL,4,₹ 48.45,85,0,1,₹ 48.50,2320,B-Production in Progress,Ethiraj
4238-49,12-10-2018 08:30,24-09-2018 17:30,12-10-2018 17:30,HPCL,1,₹ 57.65,100,100,1,₹ 57.70,5267,8-Project Completed,Elamaran
4238-7001,12-10-2018 08:30,18-09-2018 13:31,12-10-2018 18:31,HPCL,2,₹ 20.00,100,100,2,₹ 20.00,1234,8-Project Completed,Elamaran
4256-1002,12-03-2019 08:00,08-01-2019 10:30,09-03-2019 18:30,EIL-HPCL,1,₹ 200.78,20,0,1,₹ 200.80,10920,B-Production in Progress,Elamaran
4256-1007,12-03-2019 08:00,29-12-2018 21:30,09-03-2019 14:30,EIL-HPCL,1,₹ 84.72,17,0,1,₹ 84.70,4340,B-Production in Progress,Elamaran
4256-1008,12-03-2019 08:00,14-01-2019 21:30,11-03-2019 13:30,EIL-HPCL,1,₹ 104.05,41,0,1,₹ 104.10,5450,B-Production in Progress,Elamaran
4256-1009,12-03-2019 08:00,31-01-2019 19:30,14-03-2019 11:30,EIL-HPCL,1,₹ 267.21,28,0,1,₹ 267.20,14880,B-Production in Progress,Elamaran
4256-1013,12-03-2019 08:00,02-02-2019 18:12,07-03-2019 09:30,EIL-HPCL,1,₹ 20.27,27,0,1,₹ 20.30,680,B-Production in Progress,Elamaran
4256-102C,12-03-2019 08:00,31-01-2019 07:30,18-02-2019 20:00,EIL-HPCL,1,₹ 58.96,26,0,1,₹ 59.00,2690,B-Production in Progress,Elamaran
4256-2003,12-03-2019 08:00,23-01-2019 07:30,16-03-2019 19:30,EIL-HPCL,2,₹ 113.89,30,0,2,₹ 113.90,5240,B-Production in Progress,Elamaran
4256-2004,12-03-2019 08:00,01-02-2019 07:30,09-03-2019 15:30,EIL-HPCL,2,₹ 96.31,19,0,2,₹ 96.30,4680,B-Production in Progress,Elamaran
4256-2005,12-03-2019 08:00,05-02-2019 11:30,11-03-2019 13:42,EIL-HPCL,2,₹ 180.95,38,0,2,₹ 181.00,9140,B-Production in Progress,Elamaran
4256-2009,12-03-2019 08:00,05-02-2019 11:30,06-03-2019 09:30,EIL-HPCL,2,₹ 110.79,14,0,2,₹ 110.80,5580,B-Production in Progress,Elamaran
4256-2011,12-03-2019 08:00,07-02-2019 15:00,27-02-2019 12:00,EIL-HPCL,1,₹ 68.48,20,0,1,₹ 68.50,3420,B-Production in Progress,Elamaran
4256-5001,12-03-2019 08:00,12-02-2019 11:30,01-03-2019 09:30,EIL-HPCL,2,₹ 88.68,41,0,2,₹ 88.70,4100,B-Production in Progress,Elamaran
4256-6002,12-03-2019 08:00,05-02-2019 18:00,16-02-2019 18:00,EIL-HPCL,2,₹ 88.12,28,0,2,₹ 88.10,4000,B-Production in Progress,Elamaran
4256-700-2003,12-03-2019 08:00,19-01-2019 08:30,15-03-2019 15:30,EIL-HPCL,2,₹ 95.40,22,0,2,₹ 95.40,4400,B-Production in Progress,Elamaran
4266-72-E-51,24-02-2019 08:30,01-02-2019 15:30,14-03-2019 17:30,TECHNIP,1,₹ 116.86,12,0,1,₹ 116.90,7160,2-Design Completed,Viswanathan
4266-74-E-04,24-02-2019 08:30,08-02-2019 12:30,16-03-2019 17:30,TECHNIP,2,₹ 242.98,11,0,2,₹ 243.00,14425,2-Design Completed,Viswanathan
4266-74-E-106,24-02-2019 08:30,30-01-2019 15:30,18-02-2019 17:30,TECHNIP,2,₹ 56.59,8,0,2,₹ 56.60,3000,2-Design Completed,Viswanathan
4266-74-E-51,24-02-2019 08:30,12-02-2019 15:30,20-02-2019 17:30,TECHNIP,1,₹ 67.84,12,0,1,₹ 67.80,3950,2-Design Completed,Viswanathan
4266-75-E-12,24-02-2019 08:30,12-02-2019 17:30,20-03-2019 06:30,TECHNIP,2,₹ 192.26,19,0,2,₹ 192.30,8113,2-Design Completed,Viswanathan
4266-75-E-56 A&B,24-02-2019 08:30,02-04-2019 11:30,27-03-2019 15:30,TECHNIP,2,₹ 110.00,5,0,2,₹ 110.00,6596,2-Design Completed,Viswanathan
4266-90-E-09,24-02-2019 08:30,19-02-2019 10:30,20-02-2019 17:30,TECHNIP,2,₹ 157.71,18,0,2,₹ 157.70,10150,2-Design Completed,Viswanathan
4266-90-E-13C,24-02-2019 08:30,16-02-2019 14:30,21-02-2019 14:00,TECHNIP,1,₹ 199.89,14,0,1,₹ 199.90,10675,2-Design Completed,Viswanathan
4267-502-E-101,30-04-2019 08:30,02-03-2019 12:30,06-04-2019 15:30,TECHNIP-HPCL,2,₹ 47.26,8,0,2,₹ 47.30,1850,2-Design Completed,Viswanathan
4267-502-E-104,30-04-2019 08:30,11-03-2019 17:30,13-03-2019 12:30,TECHNIP-HPCL,2,₹ 35.88,2,0,2,₹ 35.90,1425,2-Design Completed,Viswanathan
4267-502-E-105,30-04-2019 08:30,28-02-2019 15:30,05-03-2019 14:00,TECHNIP-HPCL,2,₹ 139.31,14,0,2,₹ 139.30,5375,2-Design Completed,Viswanathan
4267-502-E-108,30-04-2019 08:30,21-03-2019 14:30,19-03-2019 12:30,TECHNIP-HPCL,2,₹ 33.99,7,0,2,₹ 34.00,1300,2-Design Completed,Viswanathan
4267-502-E-114,30-04-2019 08:30,07-03-2019 17:30,08-03-2019 15:06,TECHNIP-HPCL,2,₹ 360.90,14,0,2,₹ 360.90,17860,2-Design Completed,Viswanathan
4267-502-E-119,30-04-2019 08:30,22-03-2019 17:30,20-03-2019 15:30,TECHNIP-HPCL,2,₹ 35.28,4,0,2,₹ 35.30,1350,2-Design Completed,Viswanathan
4267-502-E-120,30-04-2019 08:30,21-03-2019 17:30,04-04-2019 17:30,TECHNIP-HPCL,1,₹ 20.00,10,0,1,₹ 811.50,552,2-Design Completed,Viswanathan
4267-502-E-123,30-04-2019 08:30,22-03-2019 17:30,20-03-2019 15:30,TECHNIP-HPCL,2,₹ 55.35,5,0,2,₹ 55.40,2570,2-Design Completed,Viswanathan
4267-502-E-123-1,30-04-2019 08:30,22-03-2019 17:30,20-03-2019 15:30,TECHNIP-HPCL,2,₹ 55.35,5,0,2,₹ 55.40,2570,2-Design Completed,Viswanathan
4267-502-E-124,30-04-2019 08:30,08-03-2019 11:42,19-03-2019 14:30,TECHNIP-HPCL,2,₹ 56.97,7,0,2,₹ 57.00,2710,2-Design Completed,Viswanathan
4267-502-E-129,30-04-2019 08:30,21-03-2019 17:30,20-03-2019 09:30,TECHNIP-HPCL,2,₹ 26.95,9,0,2,₹ 27.00,1060,2-Design Completed,Viswanathan
4267-502-E-130,30-04-2019 08:30,04-04-2019 17:30,25-03-2019 16:42,TECHNIP-HPCL,2,₹ 52.11,4,0,2,₹ 52.10,2300,2-Design Completed,Viswanathan
Site jobs,18-04-2018 08:30,02-05-2018 12:30,10-05-2018 17:30,All clients,1,₹ 39.14,100,100,1,₹ 80.70,0,8-Project Completed,Viswanathan
Site jobs,18-04-2018 08:30,0,11-06-2018 17:30,All clients,0,₹ 14.96,100,100,1,₹ 80.70,0,8-Project Completed,Viswanathan
Site jobs,18-04-2018 08:30,0,12-06-2018 17:30,All clients,1,₹ 3.80,100,100,1,₹ 80.70,0,8-Project Completed,Viswanathan
Site jobs,18-04-2018 08:30,0,17-08-2018 17:30,All clients,1,₹ 5.67,100,100,1,₹ 80.70,0,8-Project Completed,Viswanathan
Site jobs,18-04-2018 08:30,0,23-08-2018 17:30,All clients,0,₹ 3.79,100,0,1,₹ 80.70,0,8-Project Completed,Viswanathan
Site jobs,18-04-2018 08:30,0,17-09-2018 17:30,All clients,1,₹ 7.60,100,100,1,₹ 80.70,0,8-Project Completed,Viswanathan
Site jobs,18-04-2018 08:30,0,18-12-2018 17:30,All clients,2,₹ 5.75,100,100,1,₹ 80.70,0,8-Project Completed,Viswanathan
